gloveOrHand,observation,year
glove,https://www.inaturalist.org/observations/100665,2012
glove,https://www.inaturalist.org/observations/10468158,2014
hand,https://www.inaturalist.org/observations/10623008,2018
hand,https://www.inaturalist.org/observations/10868671,2018
hand,https://www.inaturalist.org/observations/112578,2012
glove,https://www.inaturalist.org/observations/11388729,2018
hand,https://www.inaturalist.org/observations/117460,2012
glove,https://www.inaturalist.org/observations/11851566,2018
hand,https://www.inaturalist.org/observations/12026349,2018
hand,https://www.inaturalist.org/observations/120500,2010
glove,https://www.inaturalist.org/observations/1208542,2002
hand,https://www.inaturalist.org/observations/121810,2012
hand,https://www.inaturalist.org/observations/122214,2012
glove,https://www.inaturalist.org/observations/123931,2007
hand,https://www.inaturalist.org/observations/123965,2007
glove,https://www.inaturalist.org/observations/12519390,2004
glove,https://www.inaturalist.org/observations/125920,2012
hand,https://www.inaturalist.org/observations/126323,2007
glove,https://www.inaturalist.org/observations/127029,2008
hand,https://www.inaturalist.org/observations/1273714,2002
hand,https://www.inaturalist.org/observations/1296911,2008
hand,https://www.inaturalist.org/observations/131187,2011
glove,https://www.inaturalist.org/observations/133004,2010
hand,https://www.inaturalist.org/observations/133007,2010
glove,https://www.inaturalist.org/observations/133279,2012
hand,https://www.inaturalist.org/observations/136033,2009
hand,https://www.inaturalist.org/observations/139000,2011
glove,https://www.inaturalist.org/observations/140571,2009
glove,https://www.inaturalist.org/observations/140580,2009
glove,https://www.inaturalist.org/observations/140597,2011
glove,https://www.inaturalist.org/observations/14204583,2018
hand,https://www.inaturalist.org/observations/14635875,2017
hand,https://www.inaturalist.org/observations/15686267,2018
hand,https://www.inaturalist.org/observations/16162774,2018
hand,https://www.inaturalist.org/observations/16202689,2018
hand,https://www.inaturalist.org/observations/16432778,2006
hand,https://www.inaturalist.org/observations/16915032,2017
hand,https://www.inaturalist.org/observations/17224027,2018
hand,https://www.inaturalist.org/observations/17653787,2001
hand,https://www.inaturalist.org/observations/1770393,2004
hand,https://www.inaturalist.org/observations/17992300,2002
hand,https://www.inaturalist.org/observations/18430599,2008
hand,https://www.inaturalist.org/observations/18694269,2003
hand,https://www.inaturalist.org/observations/18694271,2003
hand,https://www.inaturalist.org/observations/18694486,2003
hand,https://www.inaturalist.org/observations/187540,2003
hand,https://www.inaturalist.org/observations/187547,2003
hand,https://www.inaturalist.org/observations/1957222,1992
hand,https://www.inaturalist.org/observations/19896006,2006
glove,https://www.inaturalist.org/observations/20081949,2003
hand,https://www.inaturalist.org/observations/20363492,2003
hand,https://www.inaturalist.org/observations/203962,2003
hand,https://www.inaturalist.org/observations/20865285,2018
glove,https://www.inaturalist.org/observations/20982643,2018
hand,https://www.inaturalist.org/observations/217357,1999
glove,https://www.inaturalist.org/observations/22199718,2019
glove,https://www.inaturalist.org/observations/22280990,2001
hand,https://www.inaturalist.org/observations/22280992,2001
hand,https://www.inaturalist.org/observations/22280995,2001
glove,https://www.inaturalist.org/observations/24141793,2019
hand,https://www.inaturalist.org/observations/25154956,2019
hand,https://www.inaturalist.org/observations/25955908,2013
glove,https://www.inaturalist.org/observations/26044309,2015
glove,https://www.inaturalist.org/observations/27248344,2019
glove,https://www.inaturalist.org/observations/27647437,2015
hand,https://www.inaturalist.org/observations/27655732,2004
hand,https://www.inaturalist.org/observations/27981168,2018
hand,https://www.inaturalist.org/observations/29746565,2011
hand,https://www.inaturalist.org/observations/29885458,2019
hand,https://www.inaturalist.org/observations/30678496,2019
hand,https://www.inaturalist.org/observations/30694903,1986
glove,https://www.inaturalist.org/observations/31001478,2006
glove,https://www.inaturalist.org/observations/31001487,2006
hand,https://www.inaturalist.org/observations/31001491,2006
glove,https://www.inaturalist.org/observations/31001495,2006
hand,https://www.inaturalist.org/observations/31001512,2006
glove,https://www.inaturalist.org/observations/31146026,2018
hand,https://www.inaturalist.org/observations/31289098,2006
hand,https://www.inaturalist.org/observations/31328249,2019
hand,https://www.inaturalist.org/observations/32286718,2019
glove,https://www.inaturalist.org/observations/32322977,2019
glove,https://www.inaturalist.org/observations/32323646,2019
hand,https://www.inaturalist.org/observations/32499322,2019
glove,https://www.inaturalist.org/observations/32565993,2019
hand,https://www.inaturalist.org/observations/327906,2008
glove,https://www.inaturalist.org/observations/34443808,2014
glove,https://www.inaturalist.org/observations/34894429,2015
hand,https://www.inaturalist.org/observations/35176744,2016
glove,https://www.inaturalist.org/observations/35238172,2019
hand,https://www.inaturalist.org/observations/35240758,2019
hand,https://www.inaturalist.org/observations/36430012,2019
hand,https://www.inaturalist.org/observations/36446244,2019
hand,https://www.inaturalist.org/observations/36452445,2019
glove,https://www.inaturalist.org/observations/36559760,2019
hand,https://www.inaturalist.org/observations/371346,2000
hand,https://www.inaturalist.org/observations/37213745,2019
glove,https://www.inaturalist.org/observations/37213747,2019
hand,https://www.inaturalist.org/observations/37213748,2019
hand,https://www.inaturalist.org/observations/37213749,2019
glove,https://www.inaturalist.org/observations/37395247,2019
glove,https://www.inaturalist.org/observations/37423264,2019
hand,https://www.inaturalist.org/observations/374328,1991
glove,https://www.inaturalist.org/observations/3743439,2016
glove,https://www.inaturalist.org/observations/37452225,2019
hand,https://www.inaturalist.org/observations/37583778,2006
hand,https://www.inaturalist.org/observations/37584902,2006
glove,https://www.inaturalist.org/observations/37626359,2019
glove,https://www.inaturalist.org/observations/37647904,2019
hand,https://www.inaturalist.org/observations/37669003,2019
hand,https://www.inaturalist.org/observations/37702779,2003
glove,https://www.inaturalist.org/observations/37716456,2002
hand,https://www.inaturalist.org/observations/380247,2011
hand,https://www.inaturalist.org/observations/38280598,2020
glove,https://www.inaturalist.org/observations/38343953,2013
hand,https://www.inaturalist.org/observations/38484889,2015
glove,https://www.inaturalist.org/observations/39403,2010
glove,https://www.inaturalist.org/observations/3989430,2006
glove,https://www.inaturalist.org/observations/40040,2008
glove,https://www.inaturalist.org/observations/40087726,2020
hand,https://www.inaturalist.org/observations/401036,2004
hand,https://www.inaturalist.org/observations/40221797,2020
glove,https://www.inaturalist.org/observations/4032129,2016
hand,https://www.inaturalist.org/observations/408494,1992
hand,https://www.inaturalist.org/observations/408499,1992
hand,https://www.inaturalist.org/observations/41347005,2015
glove,https://www.inaturalist.org/observations/41561323,2008
glove,https://www.inaturalist.org/observations/41561325,2007
hand,https://www.inaturalist.org/observations/41759620,2020
hand,https://www.inaturalist.org/observations/41763465,2006
hand,https://www.inaturalist.org/observations/41899570,2019
glove,https://www.inaturalist.org/observations/42142785,2020
glove,https://www.inaturalist.org/observations/42564304,2018
glove,https://www.inaturalist.org/observations/42678557,2015
glove,https://www.inaturalist.org/observations/42678560,2015
glove,https://www.inaturalist.org/observations/42809835,2019
hand,https://www.inaturalist.org/observations/4288176,2006
hand,https://www.inaturalist.org/observations/43523925,2019
hand,https://www.inaturalist.org/observations/439064,2003
hand,https://www.inaturalist.org/observations/44594123,2017
hand,https://www.inaturalist.org/observations/4635599,2004
hand,https://www.inaturalist.org/observations/4635602,2006
glove,https://www.inaturalist.org/observations/46458098,2019
hand,https://www.inaturalist.org/observations/4818740,2006
hand,https://www.inaturalist.org/observations/48378325,2001
hand,https://www.inaturalist.org/observations/49339880,2020
hand,https://www.inaturalist.org/observations/5029560,2016
hand,https://www.inaturalist.org/observations/50528144,2020
glove,https://www.inaturalist.org/observations/51353511,2019
glove,https://www.inaturalist.org/observations/51509042,2019
glove,https://www.inaturalist.org/observations/51758162,2020
hand,https://www.inaturalist.org/observations/52052087,2002
hand,https://www.inaturalist.org/observations/52053763,2004
hand,https://www.inaturalist.org/observations/521285,2004
hand,https://www.inaturalist.org/observations/521291,2004
hand,https://www.inaturalist.org/observations/522346,2009
hand,https://www.inaturalist.org/observations/52475303,2020
hand,https://www.inaturalist.org/observations/5308405,1984
hand,https://www.inaturalist.org/observations/54688336,2012
hand,https://www.inaturalist.org/observations/56301003,2006
hand,https://www.inaturalist.org/observations/57224685,2020
hand,https://www.inaturalist.org/observations/57225341,2020
hand,https://www.inaturalist.org/observations/57275530,2020
hand,https://www.inaturalist.org/observations/57276991,2017
hand,https://www.inaturalist.org/observations/57277143,2017
hand,https://www.inaturalist.org/observations/57289999,2020
hand,https://www.inaturalist.org/observations/57331647,2017
hand,https://www.inaturalist.org/observations/57331768,2017
hand,https://www.inaturalist.org/observations/57332154,2017
hand,https://www.inaturalist.org/observations/57332849,2017
hand,https://www.inaturalist.org/observations/57332975,2017
hand,https://www.inaturalist.org/observations/57333268,2017
hand,https://www.inaturalist.org/observations/57333515,2017
hand,https://www.inaturalist.org/observations/57339253,2017
hand,https://www.inaturalist.org/observations/57339385,2017
hand,https://www.inaturalist.org/observations/57350893,2015
hand,https://www.inaturalist.org/observations/57350898,2015
hand,https://www.inaturalist.org/observations/57352107,2015
glove,https://www.inaturalist.org/observations/57357212,2013
hand,https://www.inaturalist.org/observations/57357214,2013
glove,https://www.inaturalist.org/observations/57357218,2013
glove,https://www.inaturalist.org/observations/57357219,2013
hand,https://www.inaturalist.org/observations/57357221,2013
glove,https://www.inaturalist.org/observations/57357223,2013
glove,https://www.inaturalist.org/observations/57357224,2013
glove,https://www.inaturalist.org/observations/57357226,2013
glove,https://www.inaturalist.org/observations/57357228,2013
glove,https://www.inaturalist.org/observations/57357231,2013
glove,https://www.inaturalist.org/observations/57357232,2013
glove,https://www.inaturalist.org/observations/57357235,2013
glove,https://www.inaturalist.org/observations/57357238,2013
hand,https://www.inaturalist.org/observations/57409441,2017
hand,https://www.inaturalist.org/observations/57442695,2016
glove,https://www.inaturalist.org/observations/57465281,2020
hand,https://www.inaturalist.org/observations/57511570,2020
hand,https://www.inaturalist.org/observations/57569161,2017
hand,https://www.inaturalist.org/observations/57569918,2017
hand,https://www.inaturalist.org/observations/57570275,2017
hand,https://www.inaturalist.org/observations/57570498,2017
hand,https://www.inaturalist.org/observations/57570756,2017
hand,https://www.inaturalist.org/observations/57576657,2020
hand,https://www.inaturalist.org/observations/57610407,2020
hand,https://www.inaturalist.org/observations/57673280,2020
hand,https://www.inaturalist.org/observations/57706156,2020
glove,https://www.inaturalist.org/observations/57722031,2020
hand,https://www.inaturalist.org/observations/57783941,2017
hand,https://www.inaturalist.org/observations/57787582,2020
glove,https://www.inaturalist.org/observations/57818216,2020
hand,https://www.inaturalist.org/observations/57905329,2019
glove,https://www.inaturalist.org/observations/57905459,2019
hand,https://www.inaturalist.org/observations/57928979,2009
glove,https://www.inaturalist.org/observations/57928981,2009
hand,https://www.inaturalist.org/observations/57928982,2009
hand,https://www.inaturalist.org/observations/57928983,2009
glove,https://www.inaturalist.org/observations/57928995,2009
hand,https://www.inaturalist.org/observations/57929003,2009
glove,https://www.inaturalist.org/observations/57929004,2009
hand,https://www.inaturalist.org/observations/57929005,2009
hand,https://www.inaturalist.org/observations/58050534,2020
hand,https://www.inaturalist.org/observations/58085187,2008
hand,https://www.inaturalist.org/observations/58085240,2008
hand,https://www.inaturalist.org/observations/58085241,2008
hand,https://www.inaturalist.org/observations/58085246,2008
hand,https://www.inaturalist.org/observations/58085248,2008
hand,https://www.inaturalist.org/observations/58085251,2008
hand,https://www.inaturalist.org/observations/58085276,2008
hand,https://www.inaturalist.org/observations/58149276,2009
glove,https://www.inaturalist.org/observations/58153447,2000
hand,https://www.inaturalist.org/observations/58154062,2005
hand,https://www.inaturalist.org/observations/58177479,2019
hand,https://www.inaturalist.org/observations/58194683,2020
glove,https://www.inaturalist.org/observations/58197641,2020
glove,https://www.inaturalist.org/observations/58203973,2020
glove,https://www.inaturalist.org/observations/58205544,2020
hand,https://www.inaturalist.org/observations/58208840,2019
hand,https://www.inaturalist.org/observations/58223593,2020
glove,https://www.inaturalist.org/observations/58244402,2020
hand,https://www.inaturalist.org/observations/58257136,2009
glove,https://www.inaturalist.org/observations/58266583,2020
glove,https://www.inaturalist.org/observations/58279574,2020
glove,https://www.inaturalist.org/observations/58303795,2020
hand,https://www.inaturalist.org/observations/58356659,2020
hand,https://www.inaturalist.org/observations/58357496,2018
hand,https://www.inaturalist.org/observations/58364547,2009
hand,https://www.inaturalist.org/observations/58364618,2009
hand,https://www.inaturalist.org/observations/58364718,2009
hand,https://www.inaturalist.org/observations/58371569,2020
glove,https://www.inaturalist.org/observations/58391018,2020
hand,https://www.inaturalist.org/observations/58411669,2009
hand,https://www.inaturalist.org/observations/58418406,2020
glove,https://www.inaturalist.org/observations/58433539,2019
glove,https://www.inaturalist.org/observations/58478420,2020
glove,https://www.inaturalist.org/observations/58528479,2020
hand,https://www.inaturalist.org/observations/58560533,2020
glove,https://www.inaturalist.org/observations/58654581,2020
hand,https://www.inaturalist.org/observations/58687060,2010
hand,https://www.inaturalist.org/observations/58687087,2010
glove,https://www.inaturalist.org/observations/58687348,2010
hand,https://www.inaturalist.org/observations/58687439,2010
hand,https://www.inaturalist.org/observations/58718417,2015
hand,https://www.inaturalist.org/observations/58754846,2002
glove,https://www.inaturalist.org/observations/58805903,2020
hand,https://www.inaturalist.org/observations/58832519,2020
glove,https://www.inaturalist.org/observations/58910116,2020
glove,https://www.inaturalist.org/observations/58959736,2020
glove,https://www.inaturalist.org/observations/58960867,2020
glove,https://www.inaturalist.org/observations/58971964,2020
glove,https://www.inaturalist.org/observations/58984746,2020
glove,https://www.inaturalist.org/observations/59021925,2018
hand,https://www.inaturalist.org/observations/59108922,2018
hand,https://www.inaturalist.org/observations/59181960,2020
hand,https://www.inaturalist.org/observations/59195496,2017
hand,https://www.inaturalist.org/observations/59195497,2017
glove,https://www.inaturalist.org/observations/59198593,2020
hand,https://www.inaturalist.org/observations/59249013,2018
glove,https://www.inaturalist.org/observations/59275226,2020
glove,https://www.inaturalist.org/observations/59275384,2020
glove,https://www.inaturalist.org/observations/59275734,2020
hand,https://www.inaturalist.org/observations/59327006,2020
glove,https://www.inaturalist.org/observations/59382843,2016
glove,https://www.inaturalist.org/observations/59383913,2017
glove,https://www.inaturalist.org/observations/59386625,2017
glove,https://www.inaturalist.org/observations/59386960,2017
glove,https://www.inaturalist.org/observations/59387313,2017
glove,https://www.inaturalist.org/observations/59387969,2017
hand,https://www.inaturalist.org/observations/59388473,2020
glove,https://www.inaturalist.org/observations/59390144,2017
hand,https://www.inaturalist.org/observations/59418627,2017
hand,https://www.inaturalist.org/observations/59419016,2017
hand,https://www.inaturalist.org/observations/59419189,2017
glove,https://www.inaturalist.org/observations/59424239,2017
hand,https://www.inaturalist.org/observations/59425115,2017
hand,https://www.inaturalist.org/observations/59460097,2005
hand,https://www.inaturalist.org/observations/59554827,2013
glove,https://www.inaturalist.org/observations/59606392,2015
glove,https://www.inaturalist.org/observations/59606394,2015
glove,https://www.inaturalist.org/observations/59606395,2015
glove,https://www.inaturalist.org/observations/59606398,2016
hand,https://www.inaturalist.org/observations/59606399,2013
hand,https://www.inaturalist.org/observations/59609544,2016
glove,https://www.inaturalist.org/observations/59610172,2017
hand,https://www.inaturalist.org/observations/59617569,2020
glove,https://www.inaturalist.org/observations/59635625,2020
hand,https://www.inaturalist.org/observations/59826958,2010
hand,https://www.inaturalist.org/observations/59871363,2020
glove,https://www.inaturalist.org/observations/59879279,2020
glove,https://www.inaturalist.org/observations/59901716,2020
hand,https://www.inaturalist.org/observations/59922602,2020
glove,https://www.inaturalist.org/observations/59923272,2020
hand,https://www.inaturalist.org/observations/59924730,2020
glove,https://www.inaturalist.org/observations/59925302,2020
hand,https://www.inaturalist.org/observations/59951060,2020
hand,https://www.inaturalist.org/observations/59954843,2020
glove,https://www.inaturalist.org/observations/59956121,2020
glove,https://www.inaturalist.org/observations/59972250,2020
glove,https://www.inaturalist.org/observations/60006306,2020
glove,https://www.inaturalist.org/observations/60011546,2020
glove,https://www.inaturalist.org/observations/60058991,2020
glove,https://www.inaturalist.org/observations/60081729,2020
glove,https://www.inaturalist.org/observations/60122275,2017
hand,https://www.inaturalist.org/observations/60122276,2017
hand,https://www.inaturalist.org/observations/60122278,2017
hand,https://www.inaturalist.org/observations/60127679,2017
hand,https://www.inaturalist.org/observations/60127682,2017
glove,https://www.inaturalist.org/observations/60209979,2020
hand,https://www.inaturalist.org/observations/60228229,2020
hand,https://www.inaturalist.org/observations/60290705,2018
glove,https://www.inaturalist.org/observations/60319239,2020
glove,https://www.inaturalist.org/observations/60319413,2020
glove,https://www.inaturalist.org/observations/60338824,2020
glove,https://www.inaturalist.org/observations/60339444,2020
glove,https://www.inaturalist.org/observations/60339901,2020
glove,https://www.inaturalist.org/observations/60386729,2020
glove,https://www.inaturalist.org/observations/60447005,2020
glove,https://www.inaturalist.org/observations/60464953,2015
glove,https://www.inaturalist.org/observations/60466274,2015
hand,https://www.inaturalist.org/observations/60466577,2015
hand,https://www.inaturalist.org/observations/60521221,2017
hand,https://www.inaturalist.org/observations/60521418,2011
hand,https://www.inaturalist.org/observations/60521604,2015
hand,https://www.inaturalist.org/observations/60523067,2019
hand,https://www.inaturalist.org/observations/60523352,2019
hand,https://www.inaturalist.org/observations/60523618,2019
hand,https://www.inaturalist.org/observations/60581151,2020
hand,https://www.inaturalist.org/observations/60627092,2013
hand,https://www.inaturalist.org/observations/60631193,2019
hand,https://www.inaturalist.org/observations/60691593,2020
hand,https://www.inaturalist.org/observations/60725080,2014
hand,https://www.inaturalist.org/observations/60800043,2019
hand,https://www.inaturalist.org/observations/60803609,2015
hand,https://www.inaturalist.org/observations/60803862,2013
hand,https://www.inaturalist.org/observations/60875885,2019
hand,https://www.inaturalist.org/observations/61135502,2016
hand,https://www.inaturalist.org/observations/61136323,2017
hand,https://www.inaturalist.org/observations/61136718,2017
hand,https://www.inaturalist.org/observations/61202487,2020
glove,https://www.inaturalist.org/observations/61232666,2020
hand,https://www.inaturalist.org/observations/61257729,2020
hand,https://www.inaturalist.org/observations/61275434,2020
glove,https://www.inaturalist.org/observations/61278302,2020
hand,https://www.inaturalist.org/observations/61283421,2016
glove,https://www.inaturalist.org/observations/61312296,2020
hand,https://www.inaturalist.org/observations/61367360,2020
hand,https://www.inaturalist.org/observations/61370878,2020
hand,https://www.inaturalist.org/observations/61370966,2020
hand,https://www.inaturalist.org/observations/61371138,2020
hand,https://www.inaturalist.org/observations/61371178,2020
glove,https://www.inaturalist.org/observations/61398301,2020
hand,https://www.inaturalist.org/observations/61417479,2020
hand,https://www.inaturalist.org/observations/61441542,2016
hand,https://www.inaturalist.org/observations/61441673,2016
hand,https://www.inaturalist.org/observations/61441745,2016
hand,https://www.inaturalist.org/observations/61442176,2016
hand,https://www.inaturalist.org/observations/61473940,2018
hand,https://www.inaturalist.org/observations/61484546,2008
hand,https://www.inaturalist.org/observations/61503737,2008
glove,https://www.inaturalist.org/observations/61509476,2019
hand,https://www.inaturalist.org/observations/61510586,2017
glove,https://www.inaturalist.org/observations/61510588,2017
glove,https://www.inaturalist.org/observations/61510589,2017
glove,https://www.inaturalist.org/observations/61510591,2017
glove,https://www.inaturalist.org/observations/61510592,2017
glove,https://www.inaturalist.org/observations/61510593,2017
glove,https://www.inaturalist.org/observations/61510594,2017
glove,https://www.inaturalist.org/observations/61510595,2017
hand,https://www.inaturalist.org/observations/61510597,2017
hand,https://www.inaturalist.org/observations/61510598,2017
hand,https://www.inaturalist.org/observations/61510599,2017
glove,https://www.inaturalist.org/observations/61510600,2017
hand,https://www.inaturalist.org/observations/61510605,2017
hand,https://www.inaturalist.org/observations/61512097,2016
glove,https://www.inaturalist.org/observations/61512874,2017
hand,https://www.inaturalist.org/observations/61513266,2018
hand,https://www.inaturalist.org/observations/61583450,2018
hand,https://www.inaturalist.org/observations/61626269,2020
glove,https://www.inaturalist.org/observations/61636716,2019
hand,https://www.inaturalist.org/observations/61754769,2020
glove,https://www.inaturalist.org/observations/61763929,2020
glove,https://www.inaturalist.org/observations/61788950,2020
glove,https://www.inaturalist.org/observations/61840399,2013
hand,https://www.inaturalist.org/observations/61882696,2020
hand,https://www.inaturalist.org/observations/61927291,2020
hand,https://www.inaturalist.org/observations/61927652,2020
glove,https://www.inaturalist.org/observations/61927873,2020
hand,https://www.inaturalist.org/observations/61928079,2019
glove,https://www.inaturalist.org/observations/61928146,2019
hand,https://www.inaturalist.org/observations/61928260,2019
hand,https://www.inaturalist.org/observations/61928344,2020
hand,https://www.inaturalist.org/observations/61928452,2020
glove,https://www.inaturalist.org/observations/61928751,2020
hand,https://www.inaturalist.org/observations/61928871,2020
hand,https://www.inaturalist.org/observations/61966915,2018
hand,https://www.inaturalist.org/observations/61971933,2020
hand,https://www.inaturalist.org/observations/61977764,2016
hand,https://www.inaturalist.org/observations/61985749,2020
glove,https://www.inaturalist.org/observations/62016859,2020
hand,https://www.inaturalist.org/observations/62086131,2020
hand,https://www.inaturalist.org/observations/62092389,2020
hand,https://www.inaturalist.org/observations/62120897,2020
glove,https://www.inaturalist.org/observations/62152561,2020
glove,https://www.inaturalist.org/observations/62163990,2020
glove,https://www.inaturalist.org/observations/6216410,1989
hand,https://www.inaturalist.org/observations/62167685,2014
hand,https://www.inaturalist.org/observations/62273943,2020
hand,https://www.inaturalist.org/observations/62291337,2020
hand,https://www.inaturalist.org/observations/62342067,2020
hand,https://www.inaturalist.org/observations/62384215,2020
hand,https://www.inaturalist.org/observations/62393736,2013
hand,https://www.inaturalist.org/observations/62401973,2020
glove,https://www.inaturalist.org/observations/62421629,2014
hand,https://www.inaturalist.org/observations/62429494,2020
hand,https://www.inaturalist.org/observations/62447138,2016
glove,https://www.inaturalist.org/observations/62465910,2020
glove,https://www.inaturalist.org/observations/62466174,2020
glove,https://www.inaturalist.org/observations/62475738,2020
hand,https://www.inaturalist.org/observations/62477892,2011
glove,https://www.inaturalist.org/observations/62478203,2016
hand,https://www.inaturalist.org/observations/62481970,2020
glove,https://www.inaturalist.org/observations/62482943,2020
hand,https://www.inaturalist.org/observations/62533268,2020
hand,https://www.inaturalist.org/observations/62534307,2020
hand,https://www.inaturalist.org/observations/62549359,2018
hand,https://www.inaturalist.org/observations/62549609,2020
hand,https://www.inaturalist.org/observations/62549611,2020
hand,https://www.inaturalist.org/observations/62549614,2020
hand,https://www.inaturalist.org/observations/62549615,2020
glove,https://www.inaturalist.org/observations/62549616,2020
glove,https://www.inaturalist.org/observations/62549617,2020
hand,https://www.inaturalist.org/observations/62549618,2020
glove,https://www.inaturalist.org/observations/62552470,2017
glove,https://www.inaturalist.org/observations/62552632,2016
hand,https://www.inaturalist.org/observations/62589793,2020
hand,https://www.inaturalist.org/observations/62681759,2019
hand,https://www.inaturalist.org/observations/62715576,2020
hand,https://www.inaturalist.org/observations/62749205,2020
hand,https://www.inaturalist.org/observations/62749297,2020
hand,https://www.inaturalist.org/observations/629125,2001
hand,https://www.inaturalist.org/observations/629129,2001
hand,https://www.inaturalist.org/observations/629131,2001
hand,https://www.inaturalist.org/observations/629133,2001
hand,https://www.inaturalist.org/observations/629135,2001
hand,https://www.inaturalist.org/observations/629138,2001
hand,https://www.inaturalist.org/observations/629139,2001
hand,https://www.inaturalist.org/observations/629142,2001
hand,https://www.inaturalist.org/observations/629143,2002
hand,https://www.inaturalist.org/observations/629145,2001
hand,https://www.inaturalist.org/observations/629156,2001
hand,https://www.inaturalist.org/observations/62982945,2015
glove,https://www.inaturalist.org/observations/62982948,2020
hand,https://www.inaturalist.org/observations/62988456,2015
hand,https://www.inaturalist.org/observations/62988634,2016
hand,https://www.inaturalist.org/observations/62988943,2017
glove,https://www.inaturalist.org/observations/62990678,2020
hand,https://www.inaturalist.org/observations/63016511,2016
hand,https://www.inaturalist.org/observations/63027260,2020
glove,https://www.inaturalist.org/observations/63075947,2020
glove,https://www.inaturalist.org/observations/63104283,2020
hand,https://www.inaturalist.org/observations/63105302,2020
hand,https://www.inaturalist.org/observations/63106790,2020
hand,https://www.inaturalist.org/observations/63128716,2020
glove,https://www.inaturalist.org/observations/63137332,2010
hand,https://www.inaturalist.org/observations/63143347,2020
hand,https://www.inaturalist.org/observations/63144219,2019
glove,https://www.inaturalist.org/observations/63201354,2020
glove,https://www.inaturalist.org/observations/63201849,2020
glove,https://www.inaturalist.org/observations/63210936,2020
glove,https://www.inaturalist.org/observations/63223491,2020
hand,https://www.inaturalist.org/observations/63225433,2019
glove,https://www.inaturalist.org/observations/63225434,2019
glove,https://www.inaturalist.org/observations/63225435,2019
glove,https://www.inaturalist.org/observations/63225515,2020
hand,https://www.inaturalist.org/observations/63231702,2012
glove,https://www.inaturalist.org/observations/63242994,2020
hand,https://www.inaturalist.org/observations/63282524,2020
hand,https://www.inaturalist.org/observations/63291523,2020
hand,https://www.inaturalist.org/observations/63310292,2020
hand,https://www.inaturalist.org/observations/63326174,2016
hand,https://www.inaturalist.org/observations/63331805,2020
hand,https://www.inaturalist.org/observations/63331807,2020
hand,https://www.inaturalist.org/observations/63331808,2020
hand,https://www.inaturalist.org/observations/63331809,2020
hand,https://www.inaturalist.org/observations/63331811,2020
hand,https://www.inaturalist.org/observations/63331812,2020
hand,https://www.inaturalist.org/observations/63331813,2020
hand,https://www.inaturalist.org/observations/63331814,2020
hand,https://www.inaturalist.org/observations/63340059,2020
glove,https://www.inaturalist.org/observations/63359845,2018
hand,https://www.inaturalist.org/observations/63370570,2013
hand,https://www.inaturalist.org/observations/63370571,2013
hand,https://www.inaturalist.org/observations/63396878,2020
glove,https://www.inaturalist.org/observations/63401109,2020
hand,https://www.inaturalist.org/observations/63450226,2019
hand,https://www.inaturalist.org/observations/63468391,2020
glove,https://www.inaturalist.org/observations/63508154,2020
glove,https://www.inaturalist.org/observations/63513350,2020
glove,https://www.inaturalist.org/observations/63515111,2020
hand,https://www.inaturalist.org/observations/63552128,2020
hand,https://www.inaturalist.org/observations/63604291,2020
hand,https://www.inaturalist.org/observations/63644683,2020
hand,https://www.inaturalist.org/observations/63654162,2020
hand,https://www.inaturalist.org/observations/63667379,2020
hand,https://www.inaturalist.org/observations/63672752,2020
hand,https://www.inaturalist.org/observations/63674618,2020
glove,https://www.inaturalist.org/observations/63682248,2020
glove,https://www.inaturalist.org/observations/63682286,2020
hand,https://www.inaturalist.org/observations/63683838,2014
hand,https://www.inaturalist.org/observations/63684008,2016
glove,https://www.inaturalist.org/observations/63686047,2020
hand,https://www.inaturalist.org/observations/63687420,2016
glove,https://www.inaturalist.org/observations/63706423,2020
glove,https://www.inaturalist.org/observations/63715014,2020
glove,https://www.inaturalist.org/observations/63733936,2019
glove,https://www.inaturalist.org/observations/63759334,2020
hand,https://www.inaturalist.org/observations/63763589,2020
hand,https://www.inaturalist.org/observations/63767293,2019
hand,https://www.inaturalist.org/observations/63768183,2016
hand,https://www.inaturalist.org/observations/63769005,2016
hand,https://www.inaturalist.org/observations/63769168,2016
hand,https://www.inaturalist.org/observations/63769249,2016
glove,https://www.inaturalist.org/observations/63769635,2016
hand,https://www.inaturalist.org/observations/63769923,2016
glove,https://www.inaturalist.org/observations/63771353,2016
hand,https://www.inaturalist.org/observations/63771853,2016
hand,https://www.inaturalist.org/observations/63772054,2016
hand,https://www.inaturalist.org/observations/63772328,2016
hand,https://www.inaturalist.org/observations/63772330,2020
hand,https://www.inaturalist.org/observations/63772616,2016
hand,https://www.inaturalist.org/observations/63772847,2016
hand,https://www.inaturalist.org/observations/63854526,2020
glove,https://www.inaturalist.org/observations/63937795,2020
glove,https://www.inaturalist.org/observations/64107989,2020
hand,https://www.inaturalist.org/observations/64112646,2020
glove,https://www.inaturalist.org/observations/64116860,2020
glove,https://www.inaturalist.org/observations/64125394,2020
hand,https://www.inaturalist.org/observations/64135057,2020
hand,https://www.inaturalist.org/observations/64161179,2020
glove,https://www.inaturalist.org/observations/64172244,2020
hand,https://www.inaturalist.org/observations/64194378,2017
glove,https://www.inaturalist.org/observations/64198668,2014
hand,https://www.inaturalist.org/observations/64208116,2020
glove,https://www.inaturalist.org/observations/64220906,2020
hand,https://www.inaturalist.org/observations/64233037,2017
hand,https://www.inaturalist.org/observations/64236622,2019
hand,https://www.inaturalist.org/observations/64237404,2019
hand,https://www.inaturalist.org/observations/64238104,2019
hand,https://www.inaturalist.org/observations/64238848,2019
hand,https://www.inaturalist.org/observations/64239201,2019
hand,https://www.inaturalist.org/observations/64239675,2019
hand,https://www.inaturalist.org/observations/64240265,2019
hand,https://www.inaturalist.org/observations/64269946,2020
hand,https://www.inaturalist.org/observations/64269981,2020
hand,https://www.inaturalist.org/observations/64283576,2020
glove,https://www.inaturalist.org/observations/64288043,2019
glove,https://www.inaturalist.org/observations/64288077,2019
glove,https://www.inaturalist.org/observations/64288121,2019
glove,https://www.inaturalist.org/observations/64328014,2020
glove,https://www.inaturalist.org/observations/6440837,2017
hand,https://www.inaturalist.org/observations/64425331,2013
hand,https://www.inaturalist.org/observations/64447159,2019
glove,https://www.inaturalist.org/observations/64478275,2016
hand,https://www.inaturalist.org/observations/64482855,2020
hand,https://www.inaturalist.org/observations/64483294,2015
hand,https://www.inaturalist.org/observations/64506607,2012
hand,https://www.inaturalist.org/observations/64513744,2020
hand,https://www.inaturalist.org/observations/64513854,2020
hand,https://www.inaturalist.org/observations/64515608,2020
hand,https://www.inaturalist.org/observations/64531800,2020
hand,https://www.inaturalist.org/observations/64556622,2020
glove,https://www.inaturalist.org/observations/64686047,2020
glove,https://www.inaturalist.org/observations/64704582,2017
glove,https://www.inaturalist.org/observations/64718968,2017
hand,https://www.inaturalist.org/observations/64718969,2018
hand,https://www.inaturalist.org/observations/64776675,2020
glove,https://www.inaturalist.org/observations/64777844,2018
glove,https://www.inaturalist.org/observations/64788581,2020
hand,https://www.inaturalist.org/observations/64792793,2017
hand,https://www.inaturalist.org/observations/64847712,2020
hand,https://www.inaturalist.org/observations/64854145,2012
hand,https://www.inaturalist.org/observations/64877150,2020
hand,https://www.inaturalist.org/observations/64882016,2020
hand,https://www.inaturalist.org/observations/64907064,2020
glove,https://www.inaturalist.org/observations/64912949,2020
glove,https://www.inaturalist.org/observations/64924230,2020
glove,https://www.inaturalist.org/observations/64926008,2016
glove,https://www.inaturalist.org/observations/64926010,2016
glove,https://www.inaturalist.org/observations/64926012,2016
glove,https://www.inaturalist.org/observations/64926013,2016
glove,https://www.inaturalist.org/observations/64926340,2016
glove,https://www.inaturalist.org/observations/64926341,2016
hand,https://www.inaturalist.org/observations/64986863,2018
glove,https://www.inaturalist.org/observations/65033500,2017
glove,https://www.inaturalist.org/observations/65033510,2017
hand,https://www.inaturalist.org/observations/65033512,2017
hand,https://www.inaturalist.org/observations/65033514,2017
glove,https://www.inaturalist.org/observations/65033574,2020
glove,https://www.inaturalist.org/observations/65033575,2020
glove,https://www.inaturalist.org/observations/65033576,2020
glove,https://www.inaturalist.org/observations/65036291,2019
glove,https://www.inaturalist.org/observations/65036292,2019
glove,https://www.inaturalist.org/observations/65061404,2020
hand,https://www.inaturalist.org/observations/65120799,2017
hand,https://www.inaturalist.org/observations/65120925,2018
hand,https://www.inaturalist.org/observations/65144063,2020
glove,https://www.inaturalist.org/observations/65165198,2020
hand,https://www.inaturalist.org/observations/65172113,2020
hand,https://www.inaturalist.org/observations/65179031,2020
hand,https://www.inaturalist.org/observations/65194805,2020
glove,https://www.inaturalist.org/observations/65194817,2020
glove,https://www.inaturalist.org/observations/65194840,2020
hand,https://www.inaturalist.org/observations/65269456,2020
glove,https://www.inaturalist.org/observations/65270483,2020
glove,https://www.inaturalist.org/observations/65278566,2018
glove,https://www.inaturalist.org/observations/65278676,2018
glove,https://www.inaturalist.org/observations/65283699,2021
hand,https://www.inaturalist.org/observations/65285919,2020
glove,https://www.inaturalist.org/observations/65306016,2020
glove,https://www.inaturalist.org/observations/65393907,2012
glove,https://www.inaturalist.org/observations/65407436,2020
glove,https://www.inaturalist.org/observations/65419408,2020
hand,https://www.inaturalist.org/observations/65424365,2020
hand,https://www.inaturalist.org/observations/65424366,2020
hand,https://www.inaturalist.org/observations/65461944,2017
hand,https://www.inaturalist.org/observations/65462961,2015
hand,https://www.inaturalist.org/observations/65463616,2020
hand,https://www.inaturalist.org/observations/65467333,2016
hand,https://www.inaturalist.org/observations/65467511,2017
hand,https://www.inaturalist.org/observations/65467639,2016
hand,https://www.inaturalist.org/observations/65497530,2015
hand,https://www.inaturalist.org/observations/65497764,2019
hand,https://www.inaturalist.org/observations/65497901,2019
hand,https://www.inaturalist.org/observations/65498006,2020
hand,https://www.inaturalist.org/observations/65498043,2019
hand,https://www.inaturalist.org/observations/65498858,2013
hand,https://www.inaturalist.org/observations/65498933,2014
hand,https://www.inaturalist.org/observations/65499075,2017
hand,https://www.inaturalist.org/observations/65499192,2015
hand,https://www.inaturalist.org/observations/65499255,2017
hand,https://www.inaturalist.org/observations/65499378,2019
hand,https://www.inaturalist.org/observations/65499545,2017
glove,https://www.inaturalist.org/observations/65505020,2020
hand,https://www.inaturalist.org/observations/65511135,2017
hand,https://www.inaturalist.org/observations/65511171,2017
hand,https://www.inaturalist.org/observations/65512007,2017
glove,https://www.inaturalist.org/observations/65519415,2020
glove,https://www.inaturalist.org/observations/65527534,2020
hand,https://www.inaturalist.org/observations/65572236,2010
hand,https://www.inaturalist.org/observations/65572237,2010
hand,https://www.inaturalist.org/observations/65572238,2010
hand,https://www.inaturalist.org/observations/65573175,2020
glove,https://www.inaturalist.org/observations/65579159,2017
glove,https://www.inaturalist.org/observations/65581510,2020
hand,https://www.inaturalist.org/observations/65603772,2020
hand,https://www.inaturalist.org/observations/65651132,2016
glove,https://www.inaturalist.org/observations/65653392,2017
hand,https://www.inaturalist.org/observations/65667159,2020
glove,https://www.inaturalist.org/observations/65675291,2020
glove,https://www.inaturalist.org/observations/6571573,2012
glove,https://www.inaturalist.org/observations/65722898,2020
hand,https://www.inaturalist.org/observations/65785669,2020
glove,https://www.inaturalist.org/observations/65786100,2020
glove,https://www.inaturalist.org/observations/65822273,2020
glove,https://www.inaturalist.org/observations/65850823,2020
glove,https://www.inaturalist.org/observations/65868935,2020
hand,https://www.inaturalist.org/observations/65891029,2020
glove,https://www.inaturalist.org/observations/65906649,2020
hand,https://www.inaturalist.org/observations/65909119,2013
glove,https://www.inaturalist.org/observations/65909122,2013
hand,https://www.inaturalist.org/observations/65945147,2016
hand,https://www.inaturalist.org/observations/65945239,2016
hand,https://www.inaturalist.org/observations/65945436,2016
hand,https://www.inaturalist.org/observations/65948710,2016
hand,https://www.inaturalist.org/observations/65948882,2016
hand,https://www.inaturalist.org/observations/65949318,2016
hand,https://www.inaturalist.org/observations/65949402,2016
hand,https://www.inaturalist.org/observations/65949534,2016
glove,https://www.inaturalist.org/observations/65950130,2019
hand,https://www.inaturalist.org/observations/65970852,2020
glove,https://www.inaturalist.org/observations/65991287,2019
glove,https://www.inaturalist.org/observations/65993042,2019
hand,https://www.inaturalist.org/observations/66009227,2017
hand,https://www.inaturalist.org/observations/66009372,2017
hand,https://www.inaturalist.org/observations/66009534,2018
glove,https://www.inaturalist.org/observations/66030237,2018
glove,https://www.inaturalist.org/observations/66030238,2018
glove,https://www.inaturalist.org/observations/66031998,2017
glove,https://www.inaturalist.org/observations/66032001,2018
glove,https://www.inaturalist.org/observations/66032002,2017
hand,https://www.inaturalist.org/observations/66039911,2020
glove,https://www.inaturalist.org/observations/66078918,2020
hand,https://www.inaturalist.org/observations/66079495,2020
glove,https://www.inaturalist.org/observations/66088130,2020
glove,https://www.inaturalist.org/observations/66088628,2020
hand,https://www.inaturalist.org/observations/66126995,2020
hand,https://www.inaturalist.org/observations/66128244,2018
glove,https://www.inaturalist.org/observations/66144237,2020
glove,https://www.inaturalist.org/observations/66187125,2020
hand,https://www.inaturalist.org/observations/66242818,2020
hand,https://www.inaturalist.org/observations/66245408,2010
hand,https://www.inaturalist.org/observations/66247691,2020
glove,https://www.inaturalist.org/observations/66250722,2020
hand,https://www.inaturalist.org/observations/66275577,2014
glove,https://www.inaturalist.org/observations/66289653,2019
glove,https://www.inaturalist.org/observations/66291228,2019
glove,https://www.inaturalist.org/observations/66368331,2019
hand,https://www.inaturalist.org/observations/66368358,2020
hand,https://www.inaturalist.org/observations/66430630,2008
glove,https://www.inaturalist.org/observations/66477262,2020
glove,https://www.inaturalist.org/observations/66480294,2020
glove,https://www.inaturalist.org/observations/66480347,2020
hand,https://www.inaturalist.org/observations/66480431,2020
glove,https://www.inaturalist.org/observations/66480538,2020
hand,https://www.inaturalist.org/observations/66480939,2020
glove,https://www.inaturalist.org/observations/66537382,2020
hand,https://www.inaturalist.org/observations/66630980,2020
hand,https://www.inaturalist.org/observations/66669949,2020
glove,https://www.inaturalist.org/observations/66680573,2020
glove,https://www.inaturalist.org/observations/66716000,2020
glove,https://www.inaturalist.org/observations/66758527,2020
glove,https://www.inaturalist.org/observations/66758530,2020
hand,https://www.inaturalist.org/observations/66760179,2017
glove,https://www.inaturalist.org/observations/66777275,2020
glove,https://www.inaturalist.org/observations/66780703,2020
glove,https://www.inaturalist.org/observations/66783802,2020
glove,https://www.inaturalist.org/observations/66934117,2019
hand,https://www.inaturalist.org/observations/66950704,2019
hand,https://www.inaturalist.org/observations/66951209,2020
glove,https://www.inaturalist.org/observations/66962336,2008
glove,https://www.inaturalist.org/observations/66982316,2020
glove,https://www.inaturalist.org/observations/66989024,2018
hand,https://www.inaturalist.org/observations/66989026,2018
hand,https://www.inaturalist.org/observations/66989027,2019
hand,https://www.inaturalist.org/observations/67000688,2020
glove,https://www.inaturalist.org/observations/67019470,2020
hand,https://www.inaturalist.org/observations/67032417,2020
glove,https://www.inaturalist.org/observations/67043850,2020
glove,https://www.inaturalist.org/observations/67086161,2020
hand,https://www.inaturalist.org/observations/67101975,2020
hand,https://www.inaturalist.org/observations/67102023,2020
hand,https://www.inaturalist.org/observations/67111220,2020
glove,https://www.inaturalist.org/observations/67156656,2020
glove,https://www.inaturalist.org/observations/67194308,2020
hand,https://www.inaturalist.org/observations/67244819,2020
hand,https://www.inaturalist.org/observations/67245111,2020
glove,https://www.inaturalist.org/observations/67248111,2020
glove,https://www.inaturalist.org/observations/67251599,2020
hand,https://www.inaturalist.org/observations/67270893,2016
glove,https://www.inaturalist.org/observations/67274404,2016
glove,https://www.inaturalist.org/observations/67325857,2012
glove,https://www.inaturalist.org/observations/67396923,2015
glove,https://www.inaturalist.org/observations/67396968,2015
hand,https://www.inaturalist.org/observations/67400165,2013
hand,https://www.inaturalist.org/observations/67403746,2020
glove,https://www.inaturalist.org/observations/67416513,2017
glove,https://www.inaturalist.org/observations/67431587,2016
hand,https://www.inaturalist.org/observations/67455461,2005
glove,https://www.inaturalist.org/observations/67515325,2021
hand,https://www.inaturalist.org/observations/67520335,2020
glove,https://www.inaturalist.org/observations/67524922,2016
glove,https://www.inaturalist.org/observations/67524924,2016
glove,https://www.inaturalist.org/observations/67537034,2021
hand,https://www.inaturalist.org/observations/67581161,2015
hand,https://www.inaturalist.org/observations/67581209,2015
hand,https://www.inaturalist.org/observations/67581316,2015
hand,https://www.inaturalist.org/observations/67581512,2015
glove,https://www.inaturalist.org/observations/67623,2012
glove,https://www.inaturalist.org/observations/67649951,2021
glove,https://www.inaturalist.org/observations/67674297,2021
hand,https://www.inaturalist.org/observations/67678744,2020
glove,https://www.inaturalist.org/observations/67684643,2021
hand,https://www.inaturalist.org/observations/67696008,2021
glove,https://www.inaturalist.org/observations/67729043,2019
glove,https://www.inaturalist.org/observations/67729170,2021
hand,https://www.inaturalist.org/observations/67748636,2021
hand,https://www.inaturalist.org/observations/67765115,2010
hand,https://www.inaturalist.org/observations/67765120,2010
hand,https://www.inaturalist.org/observations/67765121,2010
hand,https://www.inaturalist.org/observations/67765122,2010
glove,https://www.inaturalist.org/observations/67797475,2019
glove,https://www.inaturalist.org/observations/67797492,2019
glove,https://www.inaturalist.org/observations/67797496,2019
glove,https://www.inaturalist.org/observations/67797497,2019
glove,https://www.inaturalist.org/observations/67797502,2019
hand,https://www.inaturalist.org/observations/67815937,2012
hand,https://www.inaturalist.org/observations/67911653,2009
hand,https://www.inaturalist.org/observations/67916035,2021
glove,https://www.inaturalist.org/observations/67923139,2012
glove,https://www.inaturalist.org/observations/67932454,2015
hand,https://www.inaturalist.org/observations/67936223,2021
glove,https://www.inaturalist.org/observations/67952438,2020
hand,https://www.inaturalist.org/observations/67967445,2020
hand,https://www.inaturalist.org/observations/67971977,2019
hand,https://www.inaturalist.org/observations/67972563,2012
glove,https://www.inaturalist.org/observations/68021007,2016
glove,https://www.inaturalist.org/observations/68021008,2016
glove,https://www.inaturalist.org/observations/68021009,2016
glove,https://www.inaturalist.org/observations/68034187,2000
hand,https://www.inaturalist.org/observations/68043429,2020
hand,https://www.inaturalist.org/observations/68043528,2021
hand,https://www.inaturalist.org/observations/68044403,2021
hand,https://www.inaturalist.org/observations/68053629,2014
hand,https://www.inaturalist.org/observations/68064417,2020
hand,https://www.inaturalist.org/observations/68072990,2021
glove,https://www.inaturalist.org/observations/68096241,2016
glove,https://www.inaturalist.org/observations/68096242,2016
glove,https://www.inaturalist.org/observations/68096300,2016
glove,https://www.inaturalist.org/observations/68096301,2016
glove,https://www.inaturalist.org/observations/68096302,2016
glove,https://www.inaturalist.org/observations/68096993,2016
glove,https://www.inaturalist.org/observations/68096994,2016
glove,https://www.inaturalist.org/observations/68096995,2016
glove,https://www.inaturalist.org/observations/68097024,2016
glove,https://www.inaturalist.org/observations/68097025,2016
glove,https://www.inaturalist.org/observations/68097026,2016
glove,https://www.inaturalist.org/observations/68097045,2016
glove,https://www.inaturalist.org/observations/68097046,2016
hand,https://www.inaturalist.org/observations/68102428,2017
glove,https://www.inaturalist.org/observations/68105326,2020
glove,https://www.inaturalist.org/observations/68105327,2020
glove,https://www.inaturalist.org/observations/68105328,2020
glove,https://www.inaturalist.org/observations/68155190,2021
glove,https://www.inaturalist.org/observations/68163061,2021
hand,https://www.inaturalist.org/observations/68163688,2020
glove,https://www.inaturalist.org/observations/68167944,2021
hand,https://www.inaturalist.org/observations/68171300,2021
hand,https://www.inaturalist.org/observations/68208365,2014
hand,https://www.inaturalist.org/observations/68256351,2016
hand,https://www.inaturalist.org/observations/68258008,2012
hand,https://www.inaturalist.org/observations/68287235,2014
hand,https://www.inaturalist.org/observations/68326915,2013
hand,https://www.inaturalist.org/observations/68343888,2013
hand,https://www.inaturalist.org/observations/68356527,2013
hand,https://www.inaturalist.org/observations/68356528,2013
hand,https://www.inaturalist.org/observations/68357442,2013
hand,https://www.inaturalist.org/observations/68357443,2013
hand,https://www.inaturalist.org/observations/68357444,2013
glove,https://www.inaturalist.org/observations/68361610,2013
hand,https://www.inaturalist.org/observations/68367527,2013
hand,https://www.inaturalist.org/observations/68367542,2013
hand,https://www.inaturalist.org/observations/68368774,2014
hand,https://www.inaturalist.org/observations/68368777,2013
hand,https://www.inaturalist.org/observations/68368778,2013
hand,https://www.inaturalist.org/observations/68368779,2014
hand,https://www.inaturalist.org/observations/68368782,2013
hand,https://www.inaturalist.org/observations/68395207,2013
hand,https://www.inaturalist.org/observations/68395208,2013
glove,https://www.inaturalist.org/observations/68405558,2021
glove,https://www.inaturalist.org/observations/68411447,2020
glove,https://www.inaturalist.org/observations/68411858,2020
hand,https://www.inaturalist.org/observations/68414510,2000
hand,https://www.inaturalist.org/observations/68420911,2020
hand,https://www.inaturalist.org/observations/68421578,2011
glove,https://www.inaturalist.org/observations/68437170,2020
glove,https://www.inaturalist.org/observations/68442034,2021
glove,https://www.inaturalist.org/observations/68442035,2021
glove,https://www.inaturalist.org/observations/68442036,2021
glove,https://www.inaturalist.org/observations/68442037,2021
glove,https://www.inaturalist.org/observations/68442038,2021
glove,https://www.inaturalist.org/observations/68443732,2021
glove,https://www.inaturalist.org/observations/68443746,2021
glove,https://www.inaturalist.org/observations/68444086,2021
hand,https://www.inaturalist.org/observations/68447093,2001
hand,https://www.inaturalist.org/observations/68454568,2016
glove,https://www.inaturalist.org/observations/68454577,2016
glove,https://www.inaturalist.org/observations/68454583,2016
glove,https://www.inaturalist.org/observations/68454590,2016
hand,https://www.inaturalist.org/observations/68491074,2021
hand,https://www.inaturalist.org/observations/68505454,2018
hand,https://www.inaturalist.org/observations/68505456,2018
hand,https://www.inaturalist.org/observations/68507208,2020
hand,https://www.inaturalist.org/observations/68553064,2013
hand,https://www.inaturalist.org/observations/68601630,2013
hand,https://www.inaturalist.org/observations/68601631,2013
hand,https://www.inaturalist.org/observations/68601632,2013
hand,https://www.inaturalist.org/observations/68601634,2013
glove,https://www.inaturalist.org/observations/68609298,2021
hand,https://www.inaturalist.org/observations/68643897,2010
hand,https://www.inaturalist.org/observations/68652676,2013
glove,https://www.inaturalist.org/observations/68656879,2021
glove,https://www.inaturalist.org/observations/68658646,2021
hand,https://www.inaturalist.org/observations/68661646,2013
hand,https://www.inaturalist.org/observations/68662566,2013
hand,https://www.inaturalist.org/observations/68662567,2013
hand,https://www.inaturalist.org/observations/68662569,2013
hand,https://www.inaturalist.org/observations/68662571,2013
hand,https://www.inaturalist.org/observations/68662574,2013
hand,https://www.inaturalist.org/observations/68662576,2013
hand,https://www.inaturalist.org/observations/68662578,2013
hand,https://www.inaturalist.org/observations/68662581,2013
hand,https://www.inaturalist.org/observations/68662582,2013
hand,https://www.inaturalist.org/observations/68662584,2013
hand,https://www.inaturalist.org/observations/68691121,2012
glove,https://www.inaturalist.org/observations/68691448,2012
hand,https://www.inaturalist.org/observations/68693797,2013
glove,https://www.inaturalist.org/observations/68695678,2012
glove,https://www.inaturalist.org/observations/68695679,2012
glove,https://www.inaturalist.org/observations/68695680,2012
hand,https://www.inaturalist.org/observations/68697648,2014
hand,https://www.inaturalist.org/observations/68697651,2014
glove,https://www.inaturalist.org/observations/68701805,2014
glove,https://www.inaturalist.org/observations/68710916,2020
glove,https://www.inaturalist.org/observations/68743467,2021
glove,https://www.inaturalist.org/observations/68765564,2019
glove,https://www.inaturalist.org/observations/68785304,2020
glove,https://www.inaturalist.org/observations/68798593,2020
hand,https://www.inaturalist.org/observations/68835565,2017
hand,https://www.inaturalist.org/observations/68854194,2005
glove,https://www.inaturalist.org/observations/68859865,2016
hand,https://www.inaturalist.org/observations/68898235,2016
glove,https://www.inaturalist.org/observations/68902296,2021
glove,https://www.inaturalist.org/observations/69586661,2000
glove,https://www.inaturalist.org/observations/69655483,2017
glove,https://www.inaturalist.org/observations/69656181,2017
glove,https://www.inaturalist.org/observations/69656183,2017
hand,https://www.inaturalist.org/observations/69890689,2016
hand,https://www.inaturalist.org/observations/69890690,2016
glove,https://www.inaturalist.org/observations/70104387,2009
glove,https://www.inaturalist.org/observations/70108097,2014
hand,https://www.inaturalist.org/observations/70188880,2016
hand,https://www.inaturalist.org/observations/70514994,2020
glove,https://www.inaturalist.org/observations/70550,2009
hand,https://www.inaturalist.org/observations/70823168,2019
glove,https://www.inaturalist.org/observations/70866183,2020
hand,https://www.inaturalist.org/observations/70997460,2020
hand,https://www.inaturalist.org/observations/71007619,2020
hand,https://www.inaturalist.org/observations/71007884,2020
glove,https://www.inaturalist.org/observations/71046594,2020
hand,https://www.inaturalist.org/observations/71064,2011
hand,https://www.inaturalist.org/observations/71179352,2006
glove,https://www.inaturalist.org/observations/71186965,2020
glove,https://www.inaturalist.org/observations/71187104,2020
glove,https://www.inaturalist.org/observations/71187175,2020
glove,https://www.inaturalist.org/observations/71187354,2020
hand,https://www.inaturalist.org/observations/71267925,2020
glove,https://www.inaturalist.org/observations/71347137,2020
glove,https://www.inaturalist.org/observations/71516036,2020
hand,https://www.inaturalist.org/observations/71576266,2020
hand,https://www.inaturalist.org/observations/71847698,2020
hand,https://www.inaturalist.org/observations/71889052,2020
glove,https://www.inaturalist.org/observations/71893111,2020
glove,https://www.inaturalist.org/observations/719734,2014
hand,https://www.inaturalist.org/observations/72107230,2020
hand,https://www.inaturalist.org/observations/72314324,2020
glove,https://www.inaturalist.org/observations/72514238,2020
glove,https://www.inaturalist.org/observations/72514240,2020
glove,https://www.inaturalist.org/observations/72514241,2020
glove,https://www.inaturalist.org/observations/72514242,2020
glove,https://www.inaturalist.org/observations/72840027,2020
glove,https://www.inaturalist.org/observations/72926428,2020
hand,https://www.inaturalist.org/observations/72928491,2015
hand,https://www.inaturalist.org/observations/73316936,2020
glove,https://www.inaturalist.org/observations/73316940,2020
hand,https://www.inaturalist.org/observations/73318693,2020
hand,https://www.inaturalist.org/observations/73319757,2020
hand,https://www.inaturalist.org/observations/73319885,2020
hand,https://www.inaturalist.org/observations/73320402,2020
hand,https://www.inaturalist.org/observations/735572,2014
glove,https://www.inaturalist.org/observations/7362831,2017
hand,https://www.inaturalist.org/observations/73709092,2018
glove,https://www.inaturalist.org/observations/73948061,2020
glove,https://www.inaturalist.org/observations/74075839,2020
glove,https://www.inaturalist.org/observations/74104648,2021
glove,https://www.inaturalist.org/observations/75135394,2021
glove,https://www.inaturalist.org/observations/76812,2012
glove,https://www.inaturalist.org/observations/7700549,2001
glove,https://www.inaturalist.org/observations/7943910,2017
hand,https://www.inaturalist.org/observations/8628945,1986
hand,https://www.inaturalist.org/observations/8657196,2017
hand,https://www.inaturalist.org/observations/8889540,2016
glove,https://www.inaturalist.org/observations/9166117,2002
glove,https://www.inaturalist.org/observations/9166124,2002
hand,https://www.inaturalist.org/observations/9218473,2003
glove,https://www.inaturalist.org/observations/9218487,2003
hand,https://www.inaturalist.org/observations/9344403,2003
glove,https://www.inaturalist.org/observations/93978,2012
glove,https://www.inaturalist.org/observations/93979,2012
glove,https://www.inaturalist.org/observations/93980,2012
glove,https://www.inaturalist.org/observations/9529350,2017
hand,https://www.inaturalist.org/observations/9544300,2004
hand,https://www.inaturalist.org/observations/9674556,2018
hand,https://www.naturalista.mx/observations/5373726,2009
hand,https://www.naturalista.mx/observations/5947373,2009